{"stats":{"minecraft:killed_by":{"eidolon:zombie_brute":1},"minecraft:used":{"minecraft:sand":1,"minecraft:crafting_table":1,"minecraft:furnace":1},"minecraft:dropped":{"minecraft:sand":2},"minecraft:picked_up":{"minecraft:sand":2},"minecraft:custom":{"minecraft:jump":12,"minecraft:time_since_rest":16154,"minecraft:interact_with_furnace":2,"minecraft:damage_dealt":21,"minecraft:crouch_one_cm":21,"minecraft:deaths":1,"minecraft:sprint_one_cm":2412,"minecraft:play_time":22454,"minecraft:damage_taken":250,"minecraft:time_since_death":18553,"minecraft:walk_one_cm":7840,"minecraft:sneak_time":103,"minecraft:total_world_time":22454,"minecraft:interact_with_crafting_table":1,"minecraft:drop":2,"minecraft:fly_one_cm":29686}},"DataVersion":3465}